<?xml version="1.0" encoding="UTF-8"?>
<!-- Produced by Beyond Compare 4 from Scooter Software -->
<BCState Version="1" MinVersion="1">
	<TBcState>
		<FirstStartup Value="False"/>
		<FormPositions>
			<TViewFrame Value="277;76;1075;623;3"/>
		</FormPositions>
	</TBcState>
	<TDirCompareState>
		<LogHeight Value="0"/>
		<ShowToolbar Value="False"/>
	</TDirCompareState>
	<THomeState>
		<SessionType Value="TDirCompareSession"/>
	</THomeState>
	<TTextMergeState>
		<MRUFonts>
			<_0 Value="Consolas;10"/>
		</MRUFonts>
	</TTextMergeState>
</BCState>
