<?xml version="1.0" encoding="UTF-8"?>
<!-- Produced by Beyond Compare 4 from Scooter Software -->
<BCSessions Version="1" MinVersion="1">
	<TSessionFolder>
		<Items>
			<TSessionFolder>
				<Items>
					<TTextCompareSession Value="dchart.js">
						<LastModified Value="2017-11-01 17:29:12"/>
						<Specs>
							<Left Value="D:\git\chatbot\dashBoard\dashBoard\src\main\webapp\js\dchart.js"/>
							<Right Value="C:\Users\Administrator\Desktop\spring-boot-redis\dchart.js"/>
						</Specs>
						<State>
							<DisplayFilter Value="[showLeftMod, showRightMod, showDiffMod]"/>
						</State>
					</TTextCompareSession>
					<TTextCompareSession Value="RedisConfiguration.java">
						<LastModified Value="2017-09-22 12:24:02"/>
						<Specs>
							<Left Value="D:\git\chatbot\dashBoard\dashBoard\src\main\java\com\lenovo\chatbot\dataBoard\manager\redis\RedisConfiguration.java"/>
							<Right Value="E:\test\springboot-redis\src\main\java\com\lenovo\testr\redis\RedisConfiguration.java"/>
						</Specs>
						<State>
							<DisplayFilter Value="[showLeftMod, showRightMod, showDiffMod]"/>
						</State>
					</TTextCompareSession>
					<TTextCompareSession Value="world-countries.json">
						<LastModified Value="2017-09-13 14:23:24"/>
						<Specs>
							<Left Value="C:\Users\Administrator\Desktop\world-countries.json"/>
							<Right Value="C:\Users\Administrator\Desktop\123\world-countries.json"/>
						</Specs>
						<State>
							<DisplayFilter Value="[showLeftMod, showRightMod, showDiffMod]"/>
						</State>
					</TTextCompareSession>
					<TTextCompareSession Value="JredisUtil.java">
						<LastModified Value="2017-09-07 17:08:11"/>
						<Specs>
							<Left Value="D:\git—repository\chatbot\monitor\redisTomysql\src\main\java\com\lenovo\mysqlToRedis\util\JredisUtil.java"/>
							<Right Value="D:\git—repository\chatbot\monitor\redisTomysql\src\main\java\com\lenovo\redisToMysql\util\JredisUtil.java"/>
						</Specs>
						<State>
							<DisplayFilter Value="[showLeftMod, showRightMod, showDiffMod]"/>
						</State>
					</TTextCompareSession>
					<TTextCompareSession Value="server.xml">
						<LastModified Value="2017-08-29 11:22:46"/>
						<Specs>
							<Left Value="C:\Users\Administrator\Desktop\部署备份\apache-tomcat-7.0.64\conf\server.xml"/>
							<Right Value="C:\Users\Administrator\Desktop\部署备份\新建文件夹\apache-tomcat-7.0.64\conf\server.xml"/>
						</Specs>
						<State>
							<DisplayFilter Value="[showLeftMod, showRightMod, showDiffMod]"/>
						</State>
					</TTextCompareSession>
					<TDirCompareSession Value="js">
						<LastModified Value="2017-08-28 17:04:26"/>
						<Specs>
							<Left Value="D:\git—repository\chatbot\dashBoard\dashBoard\src\main\webapp\js"/>
						</Specs>
					</TDirCompareSession>
					<TTextCompareSession Value="first.js">
						<LastModified Value="2017-08-28 17:04:26"/>
						<Specs>
							<Left Value="D:\git—repository\chatbot\dashBoard\dashBoard\src\main\webapp\js\first.js"/>
							<Right Value="C:\Users\Administrator\Documents\first.js"/>
						</Specs>
						<State>
							<DisplayFilter Value="[showLeftMod, showRightMod, showDiffMod]"/>
						</State>
					</TTextCompareSession>
					<TTextCompareSession Value="SocketTool.class &lt;--> SocketTool1.class">
						<LastModified Value="2017-04-14 17:43:06"/>
						<Specs>
							<Left Value="C:\Users\Administrator\Desktop\传输文件\贵州电信\SocketTool.class"/>
							<Right Value="C:\Users\Administrator\Desktop\传输文件\贵州电信\SocketTool1.class"/>
						</Specs>
						<State>
							<DisplayFilter Value="[showLeftMod, showRightMod, showDiffMod]"/>
						</State>
					</TTextCompareSession>
					<TTextCompareSession Value="SocketTool.classmaxu20170414">
						<LastModified Value="2017-04-14 15:57:52"/>
						<Specs>
							<Left Value="C:\Users\Administrator\Desktop\传输文件\贵州电信\SocketTool.classmaxu20170414"/>
						</Specs>
						<State>
							<DisplayFilter Value="[showLeftMod, showRightMod, showDiffMod]"/>
						</State>
					</TTextCompareSession>
					<TTextCompareSession Value="portFluxForm.jsp">
						<LastModified Value="2017-04-12 11:02:54"/>
						<Specs>
							<Left Value="C:\Users\Administrator\Desktop\传输文件\贵州电信\portFluxForm.jsp"/>
							<Right Value="D:\ailk-iposs-web\src\main\webapp\Report\portFluxForm.jsp"/>
						</Specs>
						<State>
							<DisplayFilter Value="[showLeftMod, showRightMod, showDiffMod]"/>
						</State>
					</TTextCompareSession>
					<TTextCompareSession Value="NetPortFluxAction.class">
						<LastModified Value="2017-04-12 10:52:15"/>
						<Specs>
							<Left Value="D:\ailk-iposs-web\target\classes\com\linkage\liposs\action\report\NetPortFluxAction.class"/>
							<Right Value="C:\Users\Administrator\Desktop\传输文件\贵州电信\NetPortFluxAction.class"/>
						</Specs>
						<State>
							<DisplayFilter Value="[showLeftMod, showRightMod, showDiffMod]"/>
						</State>
					</TTextCompareSession>
					<TTextCompareSession Value="taskConfigAdd.jsp">
						<LastModified Value="2017-03-23 10:21:35"/>
						<Specs>
							<Left Value="C:\Users\Administrator\Desktop\taskConfigAdd.jsp"/>
							<Right Value="D:\ailk-iposs-web\src\main\webapp\liposs\ipran\taskconfig\taskConfigAdd.jsp"/>
						</Specs>
						<State>
							<DisplayFilter Value="[showLeftMod, showRightMod, showDiffMod]"/>
						</State>
					</TTextCompareSession>
					<TTextCompareSession Value="addLogRule.jsp &lt;--> pingAdd.jsp">
						<LastModified Value="2017-03-20 17:39:49"/>
						<Specs>
							<Left Value="D:\ailk-iposs-web\src\main\webapp\liposs\syslog\syslogRule\addLogRule.jsp"/>
							<Right Value="D:\ailk-iposs-web\src\main\webapp\iposs\element\warn\report\monitor\pingmonitor\pingAdd.jsp"/>
						</Specs>
						<State>
							<DisplayFilter Value="[showLeftMod, showRightMod, showDiffMod]"/>
						</State>
					</TTextCompareSession>
					<TTextCompareSession Value="PortInfoCfg.class">
						<LastModified Value="2017-03-20 16:52:22"/>
						<Specs>
							<Left Value="D:\ngis\target\classes\com\ai\ngis\sysinf\bus\neserv\PortInfoCfg.class"/>
							<Right Value="C:\Users\Administrator\Desktop\PortInfoCfg.class"/>
						</Specs>
						<State>
							<DisplayFilter Value="[showLeftMod, showRightMod, showDiffMod]"/>
						</State>
					</TTextCompareSession>
					<TTextCompareSession Value="OnuDeviceAction.class">
						<LastModified Value="2017-03-15 18:43:30"/>
						<Specs>
							<Left Value="C:\Users\Administrator\Desktop\OnuDeviceAction.class"/>
							<Right Value="D:\ailk-iposs-web\target\classes\com\linkage\module\liposs\epon\resource\epondevice\action\OnuDeviceAction.class"/>
						</Specs>
						<State>
							<DisplayFilter Value="[showLeftMod, showRightMod, showDiffMod]"/>
						</State>
					</TTextCompareSession>
					<TTextCompareSession Value="TaskExecServImpl.java">
						<LastModified Value="2017-03-15 17:35:42"/>
						<Specs>
							<Left Value="D:\ailk-iposs-web\src\main\java\com\ailk\iposs\service\zngcapp\serv\TaskExecServImpl.java"/>
							<Right Value="C:\Users\Administrator\Desktop\zngcapp\serv\TaskExecServImpl.java"/>
						</Specs>
						<State>
							<DisplayFilter Value="[showLeftMod, showRightMod, showDiffMod]"/>
						</State>
					</TTextCompareSession>
					<TTextCompareSession Value="TaskExecServImpl.class">
						<LastModified Value="2017-03-15 17:27:25"/>
						<Specs>
							<Left Value="C:\Users\Administrator\Desktop\TaskExecServImpl.class"/>
							<Right Value="D:\ailk-iposs-web\target\classes\com\ailk\iposs\service\zngcapp\serv\TaskExecServImpl.class"/>
						</Specs>
						<State>
							<DisplayFilter Value="[showLeftMod, showRightMod, showDiffMod]"/>
						</State>
					</TTextCompareSession>
					<TTextCompareSession Value="AcManageDAOImp.class &lt;--> AcManageDAOImp.class20170312mx">
						<LastModified Value="2017-03-13 17:00:12"/>
						<Specs>
							<Left Value="C:\Users\Administrator\Desktop\AcManageDAOImp.class"/>
							<Right Value="C:\Users\Administrator\Desktop\AcManageDAOImp.class20170312mx"/>
						</Specs>
						<State>
							<DisplayFilter Value="[showLeftMod, showRightMod, showDiffMod]"/>
						</State>
					</TTextCompareSession>
					<TTextCompareSession Value="AcManageAction.class">
						<LastModified Value="2017-03-13 10:14:20"/>
						<Specs>
							<Left Value="C:\Users\Administrator\Desktop\AcManageAction.class"/>
							<Right Value="D:\ailk-iposs-web\target\classes\com\linkage\module\liposs\resource\wlan\action\AcManageAction.class"/>
						</Specs>
						<State>
							<DisplayFilter Value="[showLeftMod, showRightMod, showDiffMod]"/>
						</State>
					</TTextCompareSession>
					<TTextCompareSession Value="SelectBarsAddrRate.class">
						<LastModified Value="2017-03-08 19:05:19"/>
						<Specs>
							<Left Value="C:\Users\Administrator\Desktop\SelectBarsAddrRate.class"/>
							<Right Value="D:\ngis\target\classes\com\ai\ngis\sysinf\bus\neserv\SelectBarsAddrRate.class"/>
						</Specs>
						<State>
							<DisplayFilter Value="[showLeftMod, showRightMod, showDiffMod]"/>
						</State>
					</TTextCompareSession>
					<TTextCompareSession Value="NEServer.class">
						<LastModified Value="2017-03-08 18:42:21"/>
						<Specs>
							<Left Value="C:\Users\Administrator\Desktop\NEServer.class"/>
							<Right Value="D:\web\trunk\ngis\target\classes\com\ai\ngis\sysinf\NEServer.class"/>
						</Specs>
						<State>
							<DisplayFilter Value="[showLeftMod, showRightMod, showDiffMod]"/>
						</State>
					</TTextCompareSession>
					<TTextCompareSession Value="selectPortPmeeTest8081.class &lt;--> SelectIpPool.class">
						<LastModified Value="2017-02-16 20:15:43"/>
						<Specs>
							<Left Value="C:\Users\Administrator\Desktop\传输文件\青海电信\selectPortPmeeTest8081.class"/>
							<Right Value="D:\web\trunk\ngis\target\classes\com\ai\ngis\sysinf\bus\neserv\SelectIpPool.class"/>
						</Specs>
						<State>
							<DisplayFilter Value="[showLeftMod, showRightMod, showDiffMod]"/>
						</State>
					</TTextCompareSession>
					<TDirCompareSession Value="SelectIpPool.class">
						<LastModified Value="2017-02-16 19:37:23"/>
						<Specs>
							<Left Value="D:\web\trunk\ngis\target\classes\com\ai\ngis\sysinf\bus\neserv\SelectIpPool.class"/>
						</Specs>
					</TDirCompareSession>
					<TTextCompareSession Value="SelectIpPool.class &lt;--> master.css">
						<LastModified Value="2017-02-16 19:37:23"/>
						<Specs>
							<Left Value="C:\Users\Administrator\Desktop\传输文件\青海电信\SelectIpPool.class"/>
							<Right Value="C:\Users\Administrator\Desktop\故障定位\页面样例\css\master.css"/>
						</Specs>
						<State>
							<DisplayFilter Value="[showLeftMod, showRightMod, showDiffMod]"/>
						</State>
					</TTextCompareSession>
					<TTextCompareSession Value="SelectIpPool.class">
						<LastModified Value="2017-02-16 19:33:14"/>
						<Specs>
							<Left Value="C:\Users\Administrator\Desktop\传输文件\青海电信\SelectIpPool.class"/>
							<Right Value="D:\web\trunk\ngis\target\classes\com\ai\ngis\sysinf\bus\neserv\SelectIpPool.class"/>
						</Specs>
						<State>
							<DisplayFilter Value="[showLeftMod, showRightMod, showDiffMod]"/>
						</State>
					</TTextCompareSession>
					<THexCompareSession Value="SelectIpPool.class">
						<LastModified Value="2017-02-16 19:29:39"/>
						<Specs>
							<Left Value="C:\Users\Administrator\Desktop\传输文件\青海电信\SelectIpPool.class"/>
						</Specs>
					</THexCompareSession>
					<TTextCompareSession Value="新建文本文档 (4).txt &lt;--> 新建文本文档 (5).txt">
						<LastModified Value="2017-02-13 17:52:28"/>
						<Specs>
							<Left Value="C:\Users\Administrator\Desktop\新建文本文档 (4).txt"/>
							<Right Value="C:\Users\Administrator\Desktop\新建文本文档 (5).txt"/>
						</Specs>
						<State>
							<DisplayFilter Value="[showLeftMod, showRightMod, showDiffMod]"/>
						</State>
					</TTextCompareSession>
					<TVerCompareSession Value="新建文本文档 (4).txt &lt;--> 新建文本文档 (5).txt">
						<LastModified Value="2017-02-13 16:10:49"/>
						<Specs>
							<Left Value="C:\Users\Administrator\Desktop\新建文本文档 (4).txt"/>
							<Right Value="C:\Users\Administrator\Desktop\新建文本文档 (5).txt"/>
						</Specs>
					</TVerCompareSession>
					<TTextCompareSession Value="task_detail.html.bak">
						<LastModified Value="2017-01-13 11:25:19"/>
						<Specs>
							<Left Value="C:\Users\Administrator\Desktop\www\sxyd\task_detail.html.bak"/>
						</Specs>
					</TTextCompareSession>
					<TTextCompareSession Value="新建文本文档.txt &lt;--> HealthAssessServImpl.java">
						<LastModified Value="2017-01-03 15:01:04"/>
						<Specs>
							<Left Value="C:\Users\Administrator\Desktop\新建文本文档.txt"/>
							<Right Value="C:\Users\Administrator\Desktop\HealthAssessServImpl.java"/>
						</Specs>
					</TTextCompareSession>
					<TTextCompareSession Value="ConfigInspectMapper.xml">
						<LastModified Value="2016-12-21 10:20:06"/>
						<Specs>
							<Left Value="C:\Users\Administrator\Desktop\configinspect\dao\mapper\oracle\ConfigInspectMapper.xml"/>
							<Right Value="D:\code\ailk-iposs-web\target\classes\com\linkage\module\liposs\cemanage\configinspect\dao\mapper\ConfigInspectMapper.xml"/>
						</Specs>
					</TTextCompareSession>
					<TTextCompareSession Value="master.css">
						<LastModified Value="2016-12-16 11:49:49"/>
						<Specs>
							<Left Value="C:\Users\Administrator\Desktop\故障定位\故障定位\css\master.css"/>
							<Right Value="C:\Users\Administrator\Desktop\故障定位\页面样例\css\master.css"/>
						</Specs>
					</TTextCompareSession>
					<TTextCompareSession Value="userInfo.html &lt;--> index.html">
						<LastModified Value="2016-12-15 20:24:12"/>
						<Specs>
							<Left Value="C:\Users\Administrator\Desktop\故障定位\页面样例\userInfo.html"/>
							<Right Value="C:\Users\Administrator\Desktop\故障定位\故障定位\index.html"/>
						</Specs>
					</TTextCompareSession>
					<TTextCompareSession Value="index3.html &lt;--> index2.html">
						<LastModified Value="2016-12-14 00:17:36"/>
						<Specs>
							<Left Value="C:\Users\Administrator\Desktop\故障定位\页面样例\index3.html"/>
							<Right Value="C:\Users\Administrator\Desktop\故障定位\页面样例\index2.html"/>
						</Specs>
					</TTextCompareSession>
					<TTextCompareSession Value="新建文本文档.java &lt;--> EponBatchSocketMsg.java">
						<LastModified Value="2016-12-08 20:32:01"/>
						<Specs>
							<Left Value="C:\Users\Administrator\Desktop\新建文本文档.java"/>
							<Right Value="C:\Users\Administrator\Desktop\EponBatchSocketMsg.java"/>
						</Specs>
					</TTextCompareSession>
					<TTextCompareSession Value="SpecialLineOpenList.jsp">
						<LastModified Value="2016-12-07 10:02:13"/>
						<Specs>
							<Left Value="C:\Users\Administrator\Desktop\SpecialLineOpenList.jsp"/>
							<Right Value="C:\Users\Administrator\Desktop\85表更新\SpecialLineOpenList.jsp"/>
						</Specs>
					</TTextCompareSession>
					<TTextCompareSession Value="struts_liposs_assess_healthassess.xml">
						<LastModified Value="2016-11-24 11:10:56"/>
						<Specs>
							<Left Value="C:\Users\Administrator\Desktop\struts_liposs_assess_healthassess.xml"/>
							<Right Value="C:\Users\Administrator\Desktop\struts_liposs_assess_healthassess.xml"/>
						</Specs>
					</TTextCompareSession>
					<TTextCompareSession Value="healthDelayDetails_1.jsp &lt;--> healthDelayDetails.jsp">
						<LastModified Value="2016-11-23 18:09:34"/>
						<Specs>
							<Left Value="C:\Users\Administrator\Desktop\healthDelayDetails_1.jsp"/>
							<Right Value="C:\Users\Administrator\Desktop\healthDelayDetails.jsp"/>
						</Specs>
					</TTextCompareSession>
					<TTextCompareSession Value="SxydzwddServImp2.java &lt;--> SxydzwddServImp.java">
						<LastModified Value="2016-11-15 14:05:44"/>
						<Specs>
							<Left Value="C:\Users\Administrator\Desktop\SxydzwddServImp2.java"/>
							<Right Value="C:\Users\Administrator\Desktop\SxydzwddServImp.java"/>
						</Specs>
					</TTextCompareSession>
					<TTextCompareSession Value="OltFluxDayMapper.xml &lt;--> 新建文本文档 (3).txt">
						<LastModified Value="2016-10-26 16:01:37"/>
						<Specs>
							<Left Value="C:\Users\Administrator\Desktop\OltFluxDayMapper.xml"/>
							<Right Value="C:\Users\Administrator\Desktop\新建文本文档 (3).txt"/>
						</Specs>
					</TTextCompareSession>
					<TVerCompareSession Value="新建文本文档 (2).txt &lt;--> BCompare.exe">
						<LastModified Value="2016-10-26 14:33:26"/>
						<Specs>
							<Left Value="C:\Users\Administrator\Desktop\新建文本文档 (2).txt"/>
							<Right Value="D:\beyondcompare\beyondcompare\BCompare.exe"/>
						</Specs>
					</TVerCompareSession>
					<TTextCompareSession Value="initPmeeConfig.jsp">
						<LastModified Value="2016-10-17 14:13:12"/>
						<Specs>
							<Left Value="C:\Users\Administrator\Desktop\initPmeeConfig.jsp"/>
							<Right Value="C:\Users\Administrator\Desktop\江苏电信功能改造开发计划及规范\性能流量\initPmeeConfig.jsp"/>
						</Specs>
					</TTextCompareSession>
					<TTextCompareSession Value="SpecialLineServImp.java &lt;--> SpecialLineServImpbak.java">
						<LastModified Value="2016-10-09 21:30:54"/>
						<Specs>
							<Left Value="D:\code\ailk-iposs-web\src\main\java\com\linkage\module\liposs\netcutover\specialline\serv\SpecialLineServImp.java"/>
							<Right Value="D:\code\ailk-iposs-web\src\main\java\com\linkage\module\liposs\netcutover\specialline\serv\SpecialLineServImpbak.java"/>
						</Specs>
					</TTextCompareSession>
					<TTextCompareSession Value="SpecialLineOpenList.jsp &lt;--> SpecialLineOpenList (2).jsp">
						<LastModified Value="2016-09-19 19:12:27"/>
						<Specs>
							<Left Value="C:\Users\Administrator\Desktop\SpecialLineOpenList.jsp"/>
							<Right Value="C:\Users\Administrator\Desktop\SpecialLineOpenList (2).jsp"/>
						</Specs>
					</TTextCompareSession>
					<THexCompareSession Value="HealthAssessAction.class">
						<LastModified Value="2016-09-09 00:28:43"/>
						<Specs>
							<Left Value="C:\Users\Administrator\Desktop\file1\ldimsWL\WEB-INF\classes\com\linkage\module\liposs\assess\healthassess\action\HealthAssessAction.class"/>
							<Right Value="C:\Users\Administrator\Desktop\file2\HealthAssessAction.class"/>
						</Specs>
					</THexCompareSession>
					<TTextCompareSession Value="healthDelayDetails.jsp">
						<LastModified Value="2016-09-08 22:01:45"/>
						<Specs>
							<Left Value="C:\Users\Administrator\Desktop\近期工作相关\江苏电信\延误分明细\ldimsWL\liposs\assess\healthassess\healthDelayDetails.jsp"/>
							<Right Value="C:\Users\Administrator\Desktop\近期工作相关\江苏电信\延误分明细\healthDelayDetails.jsp"/>
						</Specs>
					</TTextCompareSession>
					<THexCompareSession Value="HealthAssessAction.class">
						<LastModified Value="2016-09-08 21:47:19"/>
						<Specs>
							<Left Value="C:\Users\Administrator\Desktop\近期工作相关\江苏电信\延误分明细\ldimsWL\WEB-INF\classes\com\linkage\module\liposs\assess\healthassess\action\HealthAssessAction.class"/>
							<Right Value="C:\Users\Administrator\Desktop\近期工作相关\江苏电信\延误分明细\HealthAssessAction.class"/>
						</Specs>
					</THexCompareSession>
					<TTextCompareSession Value="OltFluxDayServImp.java">
						<LastModified Value="2016-09-07 17:28:20"/>
						<Specs>
							<Left Value="C:\Users\Administrator\Desktop\OltFluxDayServImp.java"/>
							<Right Value="C:\Users\Administrator\Desktop\svn\OltFluxDayServImp.java"/>
						</Specs>
					</TTextCompareSession>
					<TTextCompareSession Value="fluxDayData.jsp">
						<LastModified Value="2016-09-07 17:09:23"/>
						<Specs>
							<Left Value="C:\Users\Administrator\Desktop\fluxDayData.jsp"/>
							<Right Value="C:\Users\Administrator\Desktop\Olt上联端口监控升级\fluxDayData.jsp"/>
						</Specs>
					</TTextCompareSession>
					<TTextCompareSession Value="OltFluxDayMapper.xml">
						<LastModified Value="2016-09-07 15:46:58"/>
						<Specs>
							<Left Value="C:\Users\Administrator\Desktop\Olt上联端口监控升级\OltFluxDayMapper.xml"/>
							<Right Value="C:\Users\Administrator\Desktop\OltFluxDayMapper.xml"/>
						</Specs>
					</TTextCompareSession>
					<TTextCompareSession Value="OltFluxDayMapper.xml">
						<LastModified Value="2016-09-07 09:49:58"/>
						<Specs>
							<Left Value="C:\Users\Administrator\Desktop\OltFluxDayMapper.xml"/>
							<Right Value="C:\Users\Administrator\Desktop\Olt上联端口监控升级\OltFluxDayMapper.xml"/>
						</Specs>
					</TTextCompareSession>
					<TTextCompareSession Value="struts_liposs_report_flux.xml">
						<LastModified Value="2016-09-06 18:07:56"/>
						<Specs>
							<Left Value="C:\Users\Administrator\Desktop\struts_liposs_report_flux.xml"/>
							<Right Value="C:\Users\Administrator\Desktop\Olt上联端口监控升级\struts_liposs_report_flux.xml"/>
						</Specs>
					</TTextCompareSession>
					<TTextCompareSession Value="applicationContext_liposs_report_flux.xml">
						<LastModified Value="2016-09-06 18:07:05"/>
						<Specs>
							<Left Value="C:\Users\Administrator\Desktop\applicationContext_liposs_report_flux.xml"/>
							<Right Value="C:\Users\Administrator\Desktop\Olt上联端口监控升级\applicationContext_liposs_report_flux.xml"/>
						</Specs>
					</TTextCompareSession>
					<TTextCompareSession Value="DevrptFrmExcel.jsp &lt;--> OutExcel.jsp">
						<LastModified Value="2016-09-05 11:08:31"/>
						<Specs>
							<Left Value="C:\Users\Administrator\Desktop\DevrptFrmExcel.jsp"/>
							<Right Value="C:\Users\Administrator\Desktop\OutExcel.jsp"/>
						</Specs>
					</TTextCompareSession>
					<TTextCompareSession Value="OutExcel.jsp">
						<LastModified Value="2016-09-05 11:08:31"/>
						<Specs>
							<Left Value="C:\Users\Administrator\Desktop\OutExcel.jsp"/>
						</Specs>
					</TTextCompareSession>
					<TTextCompareSession Value="tab_ping_task_map_gz.txt &lt;--> tab_ping_task_map_hlj.txt">
						<LastModified Value="2016-08-25 17:38:49"/>
						<Specs>
							<Left Value="C:\Users\Administrator\Desktop\近期工作相关\黑龙江联通\tab_ping_task_map_gz.txt"/>
							<Right Value="C:\Users\Administrator\Desktop\近期工作相关\黑龙江联通\tab_ping_task_map_hlj.txt"/>
						</Specs>
					</TTextCompareSession>
					<TTextCompareSession Value="1.txt &lt;--> 2.txt">
						<LastModified Value="2016-08-12 17:46:05"/>
						<Specs>
							<Left Value="C:\Users\Administrator\Desktop\1.txt"/>
							<Right Value="C:\Users\Administrator\Desktop\2.txt"/>
						</Specs>
					</TTextCompareSession>
					<TTextCompareSession Value="RealAlarmQueryList.jsp">
						<CodePageOverride>
							<Left Value="0"/>
							<Right Value="0"/>
						</CodePageOverride>
						<LastModified Value="2016-08-10 13:40:03"/>
						<Specs>
							<Left Value="C:\Users\Administrator\Desktop\RealAlarmQueryList.jsp"/>
							<Right Value="C:\Users\Administrator\Desktop\综合告警查询\RealAlarmQueryList.jsp"/>
						</Specs>
					</TTextCompareSession>
					<TTextCompareSession Value="RealAlarmQueryFrm.jsp">
						<LastModified Value="2016-08-10 13:27:41"/>
						<Specs>
							<Left Value="C:\Users\Administrator\Desktop\RealAlarmQueryFrm.jsp"/>
							<Right Value="C:\Users\Administrator\Desktop\综合告警查询\RealAlarmQueryFrm.jsp"/>
						</Specs>
					</TTextCompareSession>
					<TTextCompareSession Value="struts_liposs_warn_alarmreport.xml">
						<LastModified Value="2016-08-10 12:40:41"/>
						<Specs>
							<Left Value="C:\Users\Administrator\Desktop\struts_liposs_warn_alarmreport.xml"/>
							<Right Value="C:\Users\Administrator\Desktop\综合告警查询\alarmreport\struts_liposs_warn_alarmreport.xml"/>
						</Specs>
					</TTextCompareSession>
					<TTextCompareSession Value="applicationContext_liposs_warn_alarmreport.xml">
						<LastModified Value="2016-08-10 12:40:14"/>
						<Specs>
							<Left Value="C:\Users\Administrator\Desktop\applicationContext_liposs_warn_alarmreport.xml"/>
							<Right Value="C:\Users\Administrator\Desktop\综合告警查询\alarmreport\applicationContext_liposs_warn_alarmreport.xml"/>
						</Specs>
					</TTextCompareSession>
					<TTextCompareSession Value="HisWarnQueryMapper.xml">
						<LastModified Value="2016-07-28 15:29:32"/>
						<Specs>
							<Left Value="C:\Users\Administrator\Desktop\HisWarnQueryMapper.xml"/>
							<Right Value="D:\工作\iposs\002 新疆电信IPRAN\201607\告警综合查询\HisWarnQueryMapper.xml"/>
						</Specs>
					</TTextCompareSession>
					<TTextCompareSession Value="RealAlarmQueryFrm.jsp &lt;--> RealAlarmQueryFrm1.jsp">
						<LastModified Value="2016-07-04 18:39:43"/>
						<Specs>
							<Left Value="C:\Users\Administrator\Desktop\RealAlarmQueryFrm.jsp"/>
							<Right Value="C:\Users\Administrator\Desktop\RealAlarmQueryFrm1.jsp"/>
						</Specs>
					</TTextCompareSession>
					<TTextCompareSession Value="intAllDeviceInfo1.jsp &lt;--> intAllDeviceInfo.jsp">
						<LastModified Value="2016-07-04 18:18:34"/>
						<Specs>
							<Left Value="C:\Users\Administrator\Desktop\intAllDeviceInfo1.jsp"/>
							<Right Value="C:\Users\Administrator\Desktop\intAllDeviceInfo.jsp"/>
						</Specs>
					</TTextCompareSession>
					<TVerCompareSession Value="intAllDeviceInfo1.jsp &lt;--> intAllDeviceInfo.jsp">
						<LastModified Value="2016-07-04 14:52:05"/>
						<Specs>
							<Left Value="C:\Users\Administrator\Desktop\intAllDeviceInfo1.jsp"/>
							<Right Value="C:\Users\Administrator\Desktop\intAllDeviceInfo.jsp"/>
						</Specs>
					</TVerCompareSession>
					<TTextCompareSession Value="c1.txt &lt;--> c2.txt">
						<LastModified Value="2016-06-20 17:38:31"/>
						<Specs>
							<Left Value="C:\Users\Administrator\Desktop\c1.txt"/>
							<Right Value="C:\Users\Administrator\Desktop\c2.txt"/>
						</Specs>
					</TTextCompareSession>
					<TTextCompareSession Value="compReportList.jsp">
						<LastModified Value="2016-06-17 17:43:37"/>
						<Specs>
							<Left Value="C:\Users\Administrator\Desktop\compReportList.jsp"/>
							<Right Value="C:\Users\Administrator\Desktop\0616\compReport\compReportList.jsp"/>
						</Specs>
					</TTextCompareSession>
					<TTextCompareSession Value="comp1.txt &lt;--> comp2.txt">
						<LastModified Value="2016-06-17 16:40:13"/>
						<Specs>
							<Left Value="C:\Users\Administrator\Desktop\comp1.txt"/>
							<Right Value="C:\Users\Administrator\Desktop\comp2.txt"/>
						</Specs>
					</TTextCompareSession>
					<TTextCompareSession Value="RealAlarmQueryMapper.xml">
						<LastModified Value="2016-05-10 12:35:01"/>
						<Specs>
							<Left Value="C:\Users\Administrator\Desktop\12\RealAlarmQueryMapper.xml"/>
						</Specs>
					</TTextCompareSession>
					<TTextCompareSession Value="RealAlarmQueryMapper.xml">
						<LastModified Value="2016-05-10 10:53:01"/>
						<Specs>
							<Left Value="C:\Users\Administrator\Desktop\RealAlarmQueryMapper.xml"/>
							<Right Value="D:\code\ailk-iposs-web\target\classes\com\linkage\module\liposs\warn\alarmreport\dao\mapper\sybase\RealAlarmQueryMapper.xml"/>
						</Specs>
					</TTextCompareSession>
					<TTextCompareSession Value="AlarmRelateMapper.xml &lt;--> RealAlarmQueryMapper.xml">
						<LastModified Value="2016-05-10 09:43:45"/>
						<Specs>
							<Left Value="D:\code\ailk-iposs-web\target\classes\com\linkage\module\liposs\warn\alarmreport\dao\mapper\common\AlarmRelateMapper.xml"/>
							<Right Value="D:\code\ailk-iposs-web\target\classes\com\linkage\module\liposs\warn\alarmreport\dao\mapper\oracle\RealAlarmQueryMapper.xml"/>
						</Specs>
					</TTextCompareSession>
					<TTextCompareSession Value="RealAlarmQueryList.jsp">
						<LastModified Value="2016-05-09 17:54:13"/>
						<Specs>
							<Left Value="C:\Users\Administrator\Desktop\RealAlarmQueryList.jsp"/>
							<Right Value="C:\Users\Administrator\Desktop\12\RealAlarmQueryList.jsp"/>
						</Specs>
					</TTextCompareSession>
					<TTextCompareSession Value="RealAlarmQueryList.jsp">
						<LastModified Value="2016-05-09 16:28:43"/>
						<Specs>
							<Left Value="C:\Users\Administrator\Desktop\RealAlarmQueryList.jsp"/>
							<Right Value="C:\Users\Administrator\Desktop\新建文件夹\RealAlarmQueryList.jsp"/>
						</Specs>
					</TTextCompareSession>
					<TTextCompareSession Value="RealAlarmQueryFrm.jsp">
						<LastModified Value="2016-05-09 16:27:48"/>
						<Specs>
							<Left Value="C:\Users\Administrator\Desktop\新建文件夹\RealAlarmQueryFrm.jsp"/>
							<Right Value="C:\Users\Administrator\Desktop\12\RealAlarmQueryFrm.jsp"/>
						</Specs>
					</TTextCompareSession>
					<THexCompareSession Value="RealAlarmQueryAction.class">
						<LastModified Value="2016-05-09 13:27:39"/>
						<Specs>
							<Left Value="C:\Users\Administrator\Desktop\RealAlarmQueryAction.class"/>
						</Specs>
					</THexCompareSession>
					<TTextCompareSession Value="RealAlarmQueryFrm.jsp">
						<LastModified Value="2016-05-09 13:27:30"/>
						<Specs>
							<Left Value="C:\Users\Administrator\Desktop\RealAlarmQueryFrm.jsp"/>
							<Right Value="C:\Users\Administrator\Desktop\新建文件夹\RealAlarmQueryFrm.jsp"/>
						</Specs>
					</TTextCompareSession>
					<TTextCompareSession Value="RealAlarmQueryFrm.jsp &lt;--> RealAlarmQueryList.jsp">
						<LastModified Value="2016-05-09 11:28:09"/>
						<Specs>
							<Left Value="C:\Users\Administrator\Desktop\RealAlarmQueryFrm.jsp"/>
							<Right Value="C:\Users\Administrator\Desktop\新建文件夹\RealAlarmQueryList.jsp"/>
						</Specs>
					</TTextCompareSession>
					<TTextCompareSession Value="HWOMCServiceImp.java &lt;--> HWOMCServiceImpl.java">
						<LastModified Value="2016-04-28 16:48:59"/>
						<Specs>
							<Left Value="C:\Users\Administrator\Desktop\HWOMCServiceImp.java"/>
							<Right Value="C:\Users\Administrator\Desktop\HWOMCServiceImpl.java"/>
						</Specs>
					</TTextCompareSession>
					<TTextCompareSession Value="struts_liposs_warn_alarmreport.xmlbak20130306 &lt;--> struts_liposs_warn_alarmreport.xml">
						<LastModified Value="2016-04-26 10:29:08"/>
						<Specs>
							<Left Value="C:\Users\Administrator\Desktop\struts_liposs_warn_alarmreport.xmlbak20130306"/>
							<Right Value="C:\Users\Administrator\Desktop\struts_liposs_warn_alarmreport.xml"/>
						</Specs>
					</TTextCompareSession>
					<TTextCompareSession Value="struts_liposs_warn_alarmreport.xml &lt;--> struts_liposs_warn_alarmreport-local.xml">
						<LastModified Value="2016-04-25 19:03:13"/>
						<Specs>
							<Left Value="C:\Users\Administrator\Desktop\struts_liposs_warn_alarmreport.xml"/>
							<Right Value="C:\Users\Administrator\Desktop\struts_liposs_warn_alarmreport-local.xml"/>
						</Specs>
					</TTextCompareSession>
					<TTextCompareSession Value="applicationContext_liposs_warn_alarmreport.xml160425 &lt;--> applicationContext_liposs_warn_alarmreport.xml">
						<LastModified Value="2016-04-25 18:01:48"/>
						<Specs>
							<Left Value="C:\Users\Administrator\Desktop\applicationContext_liposs_warn_alarmreport.xml160425"/>
							<Right Value="C:\Users\Administrator\Desktop\applicationContext_liposs_warn_alarmreport.xml"/>
						</Specs>
					</TTextCompareSession>
					<TTextCompareSession Value="struts_liposs_warn_alarmreport.xml160425 &lt;--> struts_liposs_warn_alarmreport.xml">
						<LastModified Value="2016-04-25 18:01:47"/>
						<Specs>
							<Left Value="C:\Users\Administrator\Desktop\struts_liposs_warn_alarmreport.xml160425"/>
							<Right Value="C:\Users\Administrator\Desktop\struts_liposs_warn_alarmreport.xml"/>
						</Specs>
					</TTextCompareSession>
					<TTextCompareSession Value="202.102.36.137 (net).ini">
						<LastModified Value="2016-04-21 12:17:12"/>
						<Specs>
							<Left Value="E:\TencentManage\945448764\FileRecv\202.102.36.137 (net).ini"/>
							<Right Value="D:\SecureCRT\Config\Sessions\jsdx_江苏电信（安全登录）\202.102.36.137 (net).ini"/>
						</Specs>
					</TTextCompareSession>
					<TTextCompareSession Value="server.xml">
						<LastModified Value="2016-04-20 17:16:44"/>
						<Specs>
							<Left Value="C:\Users\Administrator\Desktop\server.xml"/>
							<Right Value="C:\Users\Administrator\Desktop\apache-tomcat-7.0.64\apache-tomcat-7.0.64\conf\server.xml"/>
						</Specs>
					</TTextCompareSession>
				</Items>
			</TSessionFolder>
			<TTextCompareSession>
				<State>
					<DisplayFilter Value="[showLeftMod, showRightMod, showDiffMod]"/>
				</State>
			</TTextCompareSession>
		</Items>
	</TSessionFolder>
</BCSessions>
