<?xml version="1.0" encoding="UTF-8"?>
<!-- Produced by Beyond Compare 4 from Scooter Software -->
<BCState Version="1" MinVersion="1">
	<TBcState>
		<FirstStartup Value="False"/>
		<FormPositions>
			<TDirLoadErrorDialog Value="627;351;1017;447"/>
			<TImportDialog Value="449;212;783;525"/>
			<TProfileBrowseDialog Value="317;77;916;660"/>
			<TSessionSaveAsDialog Value="530;251;835;487"/>
			<TViewFrame Value="484;88;1448;699;3"/>
		</FormPositions>
	</TBcState>
	<TDirCompareState>
		<LeftMRUSpecs>
			<_0 Value="D:\git—repository\chatbot\dashBoard\dashBoard\src\main\webapp\js"/>
		</LeftMRUSpecs>
		<LogHeight Value="0"/>
		<ShowToolbar Value="False"/>
	</TDirCompareState>
	<THexCompareState>
		<LeftMRUSpecs>
			<_0 Value="C:\Users\Administrator\Desktop\传输文件\青海电信\SelectIpPool.class"/>
			<_1 Value="C:\Users\Administrator\Desktop\file1\ldimsWL\WEB-INF\classes\com\linkage\module\liposs\assess\healthassess\action\HealthAssessAction.class"/>
			<_2 Value="C:\Users\Administrator\Desktop\file1\healthAssessList.jsp"/>
			<_3 Value="C:\Users\Administrator\Desktop\file1\healthDelayDetails.jsp"/>
			<_4 Value="C:\Users\Administrator\Desktop\file1\HealthAssessServImpl.class"/>
			<_5 Value="C:\Users\Administrator\Desktop\file1\HealthAssessServ.class"/>
			<_6 Value="C:\Users\Administrator\Desktop\file1\HealthAssessDaoImpl.class"/>
			<_7 Value="C:\Users\Administrator\Desktop\file1\HealthAssessDao.class"/>
			<_8 Value="C:\Users\Administrator\Desktop\近期工作相关\江苏电信\延误分明细\ldimsWL\WEB-INF\classes\com\linkage\module\liposs\assess\healthassess\action\HealthAssessAction.class"/>
		</LeftMRUSpecs>
		<MRUFonts>
			<_0 Value="Consolas;10"/>
		</MRUFonts>
		<RightMRUSpecs>
			<_0 Value="C:\Users\Administrator\Desktop\file2\HealthAssessAction.class"/>
			<_1 Value="C:\Users\Administrator\Desktop\file2\healthAssessList.jsp"/>
			<_2 Value="C:\Users\Administrator\Desktop\file2\healthDelayDetails.jsp"/>
			<_3 Value="C:\Users\Administrator\Desktop\file2\HealthAssessServImpl.class"/>
			<_4 Value="C:\Users\Administrator\Desktop\file2\HealthAssessServ.class"/>
			<_5 Value="C:\Users\Administrator\Desktop\file2\HealthAssessDaoImpl.class"/>
			<_6 Value="C:\Users\Administrator\Desktop\file2\HealthAssessDao.class"/>
			<_7 Value="C:\Users\Administrator\Desktop\近期工作相关\江苏电信\延误分明细\HealthAssessAction.class"/>
			<_8 Value="C:\Users\Administrator\AppData\Local\Temp\Rar$DRa0.560\hiswarn\action\HisWarnQueryAction.class"/>
		</RightMRUSpecs>
	</THexCompareState>
	<THomeState>
		<SessionType Value="TTextCompareSession"/>
	</THomeState>
	<TImportState>
		<MRUFilename Value="C:\Users\Administrator\Desktop\BCFormats.bcpkg"/>
	</TImportState>
	<TTextCompareState>
		<LeftMRUSpecs>
			<_0 Value="D:\git\chatbot\dashBoard\dashBoard\src\main\webapp\js\dchart.js"/>
			<_1 Value="D:\git\chatbot\dashBoard\dashBoard\src\main\java\com\lenovo\chatbot\dataBoard\manager\redis\RedisConfiguration.java"/>
			<_2 Value="C:\Users\Administrator\Desktop\world-countries.json"/>
			<_3 Value="D:\git—repository\chatbot\monitor\redisTomysql\src\main\java\com\lenovo\mysqlToRedis\util\JredisUtil.java"/>
			<_4 Value="C:\Users\Administrator\Desktop\部署备份\apache-tomcat-7.0.64\conf\server.xml"/>
			<_5 Value="D:\git—repository\chatbot\dashBoard\dashBoard\src\main\webapp\js\first.js"/>
			<_6 Value="C:\Users\Administrator\Desktop\传输文件\贵州电信\SocketTool.class"/>
			<_7 Value="C:\Users\Administrator\Desktop\传输文件\贵州电信\SocketTool.classmaxu20170414"/>
			<_8 Value="C:\Users\Administrator\Desktop\传输文件\贵州电信\portFluxForm.jsp"/>
		</LeftMRUSpecs>
		<MRUFonts>
			<_0 Value="Consolas;10"/>
		</MRUFonts>
		<RightMRUSpecs>
			<_0 Value="C:\Users\Administrator\Desktop\spring-boot-redis\dchart.js"/>
			<_1 Value="E:\工作文件\dchart(1).js"/>
			<_2 Value="C:\Users\Administrator\Desktop\dchart.js"/>
			<_3 Value="E:\test\springboot-redis\src\main\java\com\lenovo\testr\redis\RedisConfiguration.java"/>
			<_4 Value="C:\Users\Administrator\Desktop\123\world-countries.json"/>
			<_5 Value="D:\git—repository\chatbot\monitor\redisTomysql\src\main\java\com\lenovo\redisToMysql\util\JredisUtil.java"/>
			<_6 Value="C:\Users\Administrator\Desktop\部署备份\新建文件夹\apache-tomcat-7.0.64\conf\server.xml"/>
			<_7 Value="C:\Users\Administrator\Documents\first.js"/>
			<_8 Value="C:\Users\Administrator\Desktop\传输文件\贵州电信\SocketTool1.class"/>
		</RightMRUSpecs>
	</TTextCompareState>
	<TTextFindState>
		<FindItems>
			<_0 Value="America"/>
			<_1 Value="Laos"/>
			<_2 Value="session"/>
			<_3 Value="msgform"/>
			<_4 Value="mainCompose"/>
			<_5 Value="gj"/>
			<_6 Value="compose"/>
			<_7 Value=".tabListB li"/>
			<_8 Value="tabBoxB"/>
		</FindItems>
		<ReplaceItems>
			<_0/>
		</ReplaceItems>
	</TTextFindState>
	<TVerCompareState>
		<LeftMRUSpecs>
			<_0 Value="C:\Users\Administrator\Desktop\新建文本文档 (4).txt"/>
			<_1 Value="D:\beyondcompare\beyondcompare\BCompare.exe"/>
			<_2 Value="C:\Users\Administrator\Desktop\新建文本文档 (2).txt"/>
			<_3 Value="C:\Users\Administrator\Desktop\新建文本文档 (3).txt"/>
			<_4 Value="C:\Users\Administrator\Desktop\intAllDeviceInfo1.jsp"/>
		</LeftMRUSpecs>
		<MRUFonts>
			<_0 Value="微软雅黑;9;;1"/>
		</MRUFonts>
		<RightMRUSpecs>
			<_0 Value="C:\Users\Administrator\Desktop\新建文本文档 (5).txt"/>
			<_1 Value="D:\beyondcompare\beyondcompare\BCompare.exe"/>
			<_2 Value="C:\Users\Administrator\Desktop\intAllDeviceInfo.jsp"/>
		</RightMRUSpecs>
	</TVerCompareState>
</BCState>
